M,N,K,bias,dtype,outdtype,scaleAB,bpreshuffle
1,1280,6144,False,torch.bfloat16,torch.bfloat16,False,False
1,1536,6144,False,torch.bfloat16,torch.bfloat16,False,False
1,3072,6144,False,torch.bfloat16,torch.bfloat16,False,False
1,4608,6144,False,torch.bfloat16,torch.bfloat16,False,False
1,4992,6144,False,torch.bfloat16,torch.bfloat16,False,False
1,6144,1024,False,torch.bfloat16,torch.bfloat16,False,False
1,6144,1536,False,torch.bfloat16,torch.bfloat16,False,False
1,6144,3072,False,torch.bfloat16,torch.bfloat16,False,False
1,6144,4096,False,torch.bfloat16,torch.bfloat16,False,False
1,6144,6144,False,torch.bfloat16,torch.bfloat16,False,False
1,12288,6144,False,torch.bfloat16,torch.bfloat16,False,False
2,1280,6144,False,torch.bfloat16,torch.bfloat16,False,False
2,1536,6144,False,torch.bfloat16,torch.bfloat16,False,False
2,3072,6144,False,torch.bfloat16,torch.bfloat16,False,False
2,4608,6144,False,torch.bfloat16,torch.bfloat16,False,False
2,4992,6144,False,torch.bfloat16,torch.bfloat16,False,False
2,6144,1024,False,torch.bfloat16,torch.bfloat16,False,False
2,6144,1536,False,torch.bfloat16,torch.bfloat16,False,False
2,6144,3072,False,torch.bfloat16,torch.bfloat16,False,False
2,6144,4096,False,torch.bfloat16,torch.bfloat16,False,False
2,6144,6144,False,torch.bfloat16,torch.bfloat16,False,False
2,12288,6144,False,torch.bfloat16,torch.bfloat16,False,False
4,768,24576,True,torch.bfloat16,torch.bfloat16,False,False
4,1280,6144,False,torch.bfloat16,torch.bfloat16,False,False
4,1536,6144,False,torch.bfloat16,torch.bfloat16,False,False
4,1536,24576,True,torch.bfloat16,torch.bfloat16,False,False
4,3072,6144,False,torch.bfloat16,torch.bfloat16,False,False
4,3072,24576,True,torch.bfloat16,torch.bfloat16,False,False
4,4608,6144,False,torch.bfloat16,torch.bfloat16,False,False
4,4992,6144,False,torch.bfloat16,torch.bfloat16,False,False
4,6144,768,False,torch.bfloat16,torch.bfloat16,False,False
4,6144,768,True,torch.bfloat16,torch.bfloat16,False,False
4,6144,1024,False,torch.bfloat16,torch.bfloat16,False,False
4,6144,1536,False,torch.bfloat16,torch.bfloat16,False,False
4,6144,1536,True,torch.bfloat16,torch.bfloat16,False,False
4,6144,3072,False,torch.bfloat16,torch.bfloat16,False,False
4,6144,3072,True,torch.bfloat16,torch.bfloat16,False,False
4,6144,4096,False,torch.bfloat16,torch.bfloat16,False,False
4,6144,6144,False,torch.bfloat16,torch.bfloat16,False,False
4,12288,6144,False,torch.bfloat16,torch.bfloat16,False,False
8,1280,6144,False,torch.bfloat16,torch.bfloat16,False,False
8,1536,6144,False,torch.bfloat16,torch.bfloat16,False,False
8,3072,6144,False,torch.bfloat16,torch.bfloat16,False,False
8,4608,6144,False,torch.bfloat16,torch.bfloat16,False,False
8,4992,6144,False,torch.bfloat16,torch.bfloat16,False,False
8,6144,1024,False,torch.bfloat16,torch.bfloat16,False,False
8,6144,1536,False,torch.bfloat16,torch.bfloat16,False,False
8,6144,3072,False,torch.bfloat16,torch.bfloat16,False,False
8,6144,4096,False,torch.bfloat16,torch.bfloat16,False,False
8,12288,6144,False,torch.bfloat16,torch.bfloat16,False,False
16,480,1280,True,torch.bfloat16,torch.bfloat16,False,False
16,640,1280,True,torch.bfloat16,torch.bfloat16,False,False
16,768,1280,True,torch.bfloat16,torch.bfloat16,False,False
16,768,24576,True,torch.bfloat16,torch.bfloat16,False,False
16,960,1280,True,torch.bfloat16,torch.bfloat16,False,False
16,1280,160,False,torch.bfloat16,torch.bfloat16,False,False
16,1280,160,True,torch.bfloat16,torch.bfloat16,False,False
16,1280,320,False,torch.bfloat16,torch.bfloat16,False,False
16,1280,320,True,torch.bfloat16,torch.bfloat16,False,False
16,1280,640,False,torch.bfloat16,torch.bfloat16,False,False
16,1280,640,True,torch.bfloat16,torch.bfloat16,False,False
16,1280,1280,False,torch.bfloat16,torch.bfloat16,False,False
16,1280,1280,True,torch.bfloat16,torch.bfloat16,False,False
16,1280,2560,False,torch.bfloat16,torch.bfloat16,False,False
16,1280,2560,True,torch.bfloat16,torch.bfloat16,False,False
16,1280,6144,False,torch.bfloat16,torch.bfloat16,False,False
16,1536,1280,True,torch.bfloat16,torch.bfloat16,False,False
16,1536,6144,False,torch.bfloat16,torch.bfloat16,False,False
16,1536,24576,True,torch.bfloat16,torch.bfloat16,False,False
16,1920,1280,True,torch.bfloat16,torch.bfloat16,False,False
16,2560,1280,True,torch.bfloat16,torch.bfloat16,False,False
16,3072,1280,True,torch.bfloat16,torch.bfloat16,False,False
16,3072,6144,False,torch.bfloat16,torch.bfloat16,False,False
16,3072,24576,True,torch.bfloat16,torch.bfloat16,False,False
16,4608,6144,False,torch.bfloat16,torch.bfloat16,False,False
16,4992,6144,False,torch.bfloat16,torch.bfloat16,False,False
16,6144,768,False,torch.bfloat16,torch.bfloat16,False,False
16,6144,768,True,torch.bfloat16,torch.bfloat16,False,False
16,6144,1024,False,torch.bfloat16,torch.bfloat16,False,False
16,6144,1536,False,torch.bfloat16,torch.bfloat16,False,False
16,6144,1536,True,torch.bfloat16,torch.bfloat16,False,False
16,6144,3072,False,torch.bfloat16,torch.bfloat16,False,False
16,6144,3072,True,torch.bfloat16,torch.bfloat16,False,False
16,6144,4096,False,torch.bfloat16,torch.bfloat16,False,False
16,6144,6144,False,torch.bfloat16,torch.bfloat16,False,False
16,12288,6144,False,torch.bfloat16,torch.bfloat16,False,False
32,1280,6144,False,torch.bfloat16,torch.bfloat16,False,False
32,1536,6144,False,torch.bfloat16,torch.bfloat16,False,False
32,3072,6144,False,torch.bfloat16,torch.bfloat16,False,False
32,4608,6144,False,torch.bfloat16,torch.bfloat16,False,False
32,4992,6144,False,torch.bfloat16,torch.bfloat16,False,False
32,6144,1024,False,torch.bfloat16,torch.bfloat16,False,False
32,6144,1536,False,torch.bfloat16,torch.bfloat16,False,False
32,6144,3072,False,torch.bfloat16,torch.bfloat16,False,False
32,6144,4096,False,torch.bfloat16,torch.bfloat16,False,False
32,6144,6144,False,torch.bfloat16,torch.bfloat16,False,False
32,12288,6144,False,torch.bfloat16,torch.bfloat16,False,False
48,1280,6144,False,torch.bfloat16,torch.bfloat16,False,False
48,1536,6144,False,torch.bfloat16,torch.bfloat16,False,False
48,3072,6144,False,torch.bfloat16,torch.bfloat16,False,False
48,4608,6144,False,torch.bfloat16,torch.bfloat16,False,False
48,4992,6144,False,torch.bfloat16,torch.bfloat16,False,False
48,6144,1024,False,torch.bfloat16,torch.bfloat16,False,False
48,6144,1536,False,torch.bfloat16,torch.bfloat16,False,False
48,6144,3072,False,torch.bfloat16,torch.bfloat16,False,False
48,6144,4096,False,torch.bfloat16,torch.bfloat16,False,False
48,6144,6144,False,torch.bfloat16,torch.bfloat16,False,False
48,12288,6144,False,torch.bfloat16,torch.bfloat16,False,False
64,1280,6144,False,torch.bfloat16,torch.bfloat16,False,False
64,1536,6144,False,torch.bfloat16,torch.bfloat16,False,False
64,3072,6144,False,torch.bfloat16,torch.bfloat16,False,False
64,4608,6144,False,torch.bfloat16,torch.bfloat16,False,False
64,4992,6144,False,torch.bfloat16,torch.bfloat16,False,False
64,6144,1024,False,torch.bfloat16,torch.bfloat16,False,False
64,6144,1536,False,torch.bfloat16,torch.bfloat16,False,False
64,6144,3072,False,torch.bfloat16,torch.bfloat16,False,False
64,6144,4096,False,torch.bfloat16,torch.bfloat16,False,False
64,6144,6144,False,torch.bfloat16,torch.bfloat16,False,False
64,12288,6144,False,torch.bfloat16,torch.bfloat16,False,False
80,1280,6144,False,torch.bfloat16,torch.bfloat16,False,False
80,1536,6144,False,torch.bfloat16,torch.bfloat16,False,False
80,3072,6144,False,torch.bfloat16,torch.bfloat16,False,False
80,4608,6144,False,torch.bfloat16,torch.bfloat16,False,False
80,4992,6144,False,torch.bfloat16,torch.bfloat16,False,False
80,6144,1024,False,torch.bfloat16,torch.bfloat16,False,False
80,6144,1536,False,torch.bfloat16,torch.bfloat16,False,False
80,6144,3072,False,torch.bfloat16,torch.bfloat16,False,False
80,6144,4096,False,torch.bfloat16,torch.bfloat16,False,False
80,6144,6144,False,torch.bfloat16,torch.bfloat16,False,False
80,12288,6144,False,torch.bfloat16,torch.bfloat16,False,False
96,1280,6144,False,torch.bfloat16,torch.bfloat16,False,False
96,1536,6144,False,torch.bfloat16,torch.bfloat16,False,False
96,3072,6144,False,torch.bfloat16,torch.bfloat16,False,False
96,4608,6144,False,torch.bfloat16,torch.bfloat16,False,False
96,4992,6144,False,torch.bfloat16,torch.bfloat16,False,False
96,6144,1024,False,torch.bfloat16,torch.bfloat16,False,False
96,6144,1536,False,torch.bfloat16,torch.bfloat16,False,False
96,6144,3072,False,torch.bfloat16,torch.bfloat16,False,False
96,6144,4096,False,torch.bfloat16,torch.bfloat16,False,False
96,6144,6144,False,torch.bfloat16,torch.bfloat16,False,False
96,12288,6144,False,torch.bfloat16,torch.bfloat16,False,False
112,1280,6144,False,torch.bfloat16,torch.bfloat16,False,False
112,1536,6144,False,torch.bfloat16,torch.bfloat16,False,False
112,3072,6144,False,torch.bfloat16,torch.bfloat16,False,False
112,4608,6144,False,torch.bfloat16,torch.bfloat16,False,False
112,4992,6144,False,torch.bfloat16,torch.bfloat16,False,False
112,6144,1024,False,torch.bfloat16,torch.bfloat16,False,False
112,6144,1536,False,torch.bfloat16,torch.bfloat16,False,False
112,6144,3072,False,torch.bfloat16,torch.bfloat16,False,False
112,6144,4096,False,torch.bfloat16,torch.bfloat16,False,False
112,6144,6144,False,torch.bfloat16,torch.bfloat16,False,False
112,12288,6144,False,torch.bfloat16,torch.bfloat16,False,False
128,1280,6144,False,torch.bfloat16,torch.bfloat16,False,False
128,1536,6144,False,torch.bfloat16,torch.bfloat16,False,False
128,3072,6144,False,torch.bfloat16,torch.bfloat16,False,False
128,4608,6144,False,torch.bfloat16,torch.bfloat16,False,False
128,4992,6144,False,torch.bfloat16,torch.bfloat16,False,False
128,6144,1024,False,torch.bfloat16,torch.bfloat16,False,False
128,6144,1536,False,torch.bfloat16,torch.bfloat16,False,False
128,6144,3072,False,torch.bfloat16,torch.bfloat16,False,False
128,6144,4096,False,torch.bfloat16,torch.bfloat16,False,False
128,6144,6144,False,torch.bfloat16,torch.bfloat16,False,False
128,12288,6144,False,torch.bfloat16,torch.bfloat16,False,False
144,1280,6144,False,torch.bfloat16,torch.bfloat16,False,False
144,1536,6144,False,torch.bfloat16,torch.bfloat16,False,False
144,3072,6144,False,torch.bfloat16,torch.bfloat16,False,False
144,4608,6144,False,torch.bfloat16,torch.bfloat16,False,False
144,4992,6144,False,torch.bfloat16,torch.bfloat16,False,False
144,6144,1024,False,torch.bfloat16,torch.bfloat16,False,False
144,6144,1536,False,torch.bfloat16,torch.bfloat16,False,False
144,6144,3072,False,torch.bfloat16,torch.bfloat16,False,False
144,6144,4096,False,torch.bfloat16,torch.bfloat16,False,False
144,6144,6144,False,torch.bfloat16,torch.bfloat16,False,False
144,12288,6144,False,torch.bfloat16,torch.bfloat16,False,False
160,1280,6144,False,torch.bfloat16,torch.bfloat16,False,False
160,1536,6144,False,torch.bfloat16,torch.bfloat16,False,False
160,3072,6144,False,torch.bfloat16,torch.bfloat16,False,False
160,4608,6144,False,torch.bfloat16,torch.bfloat16,False,False
160,4992,6144,False,torch.bfloat16,torch.bfloat16,False,False
160,6144,1024,False,torch.bfloat16,torch.bfloat16,False,False
160,6144,1536,False,torch.bfloat16,torch.bfloat16,False,False
160,6144,3072,False,torch.bfloat16,torch.bfloat16,False,False
160,6144,4096,False,torch.bfloat16,torch.bfloat16,False,False
160,6144,6144,False,torch.bfloat16,torch.bfloat16,False,False
160,12288,6144,False,torch.bfloat16,torch.bfloat16,False,False
176,1280,6144,False,torch.bfloat16,torch.bfloat16,False,False
176,1536,6144,False,torch.bfloat16,torch.bfloat16,False,False
176,3072,6144,False,torch.bfloat16,torch.bfloat16,False,False
176,4608,6144,False,torch.bfloat16,torch.bfloat16,False,False
176,4992,6144,False,torch.bfloat16,torch.bfloat16,False,False
176,6144,1024,False,torch.bfloat16,torch.bfloat16,False,False
176,6144,1536,False,torch.bfloat16,torch.bfloat16,False,False
176,6144,3072,False,torch.bfloat16,torch.bfloat16,False,False
176,6144,4096,False,torch.bfloat16,torch.bfloat16,False,False
176,6144,6144,False,torch.bfloat16,torch.bfloat16,False,False
176,12288,6144,False,torch.bfloat16,torch.bfloat16,False,False
192,1280,6144,False,torch.bfloat16,torch.bfloat16,False,False
192,1536,6144,False,torch.bfloat16,torch.bfloat16,False,False
192,3072,6144,False,torch.bfloat16,torch.bfloat16,False,False
192,4608,6144,False,torch.bfloat16,torch.bfloat16,False,False
192,4992,6144,False,torch.bfloat16,torch.bfloat16,False,False
192,6144,1024,False,torch.bfloat16,torch.bfloat16,False,False
192,6144,1536,False,torch.bfloat16,torch.bfloat16,False,False
192,6144,3072,False,torch.bfloat16,torch.bfloat16,False,False
192,6144,4096,False,torch.bfloat16,torch.bfloat16,False,False
192,6144,6144,False,torch.bfloat16,torch.bfloat16,False,False
192,12288,6144,False,torch.bfloat16,torch.bfloat16,False,False
208,1280,6144,False,torch.bfloat16,torch.bfloat16,False,False
208,1536,6144,False,torch.bfloat16,torch.bfloat16,False,False
208,3072,6144,False,torch.bfloat16,torch.bfloat16,False,False
208,4608,6144,False,torch.bfloat16,torch.bfloat16,False,False
208,4992,6144,False,torch.bfloat16,torch.bfloat16,False,False
208,6144,1024,False,torch.bfloat16,torch.bfloat16,False,False
208,6144,1536,False,torch.bfloat16,torch.bfloat16,False,False
208,6144,3072,False,torch.bfloat16,torch.bfloat16,False,False
208,6144,4096,False,torch.bfloat16,torch.bfloat16,False,False
208,6144,6144,False,torch.bfloat16,torch.bfloat16,False,False
208,12288,6144,False,torch.bfloat16,torch.bfloat16,False,False
224,1280,6144,False,torch.bfloat16,torch.bfloat16,False,False
224,1536,6144,False,torch.bfloat16,torch.bfloat16,False,False
224,3072,6144,False,torch.bfloat16,torch.bfloat16,False,False
224,4608,6144,False,torch.bfloat16,torch.bfloat16,False,False
224,4992,6144,False,torch.bfloat16,torch.bfloat16,False,False
224,6144,1024,False,torch.bfloat16,torch.bfloat16,False,False
224,6144,1536,False,torch.bfloat16,torch.bfloat16,False,False
224,6144,3072,False,torch.bfloat16,torch.bfloat16,False,False
224,6144,4096,False,torch.bfloat16,torch.bfloat16,False,False
224,6144,6144,False,torch.bfloat16,torch.bfloat16,False,False
224,12288,6144,False,torch.bfloat16,torch.bfloat16,False,False
240,1280,6144,False,torch.bfloat16,torch.bfloat16,False,False
240,1536,6144,False,torch.bfloat16,torch.bfloat16,False,False
240,3072,6144,False,torch.bfloat16,torch.bfloat16,False,False
240,4608,6144,False,torch.bfloat16,torch.bfloat16,False,False
240,4992,6144,False,torch.bfloat16,torch.bfloat16,False,False
240,6144,1024,False,torch.bfloat16,torch.bfloat16,False,False
240,6144,1536,False,torch.bfloat16,torch.bfloat16,False,False
240,6144,3072,False,torch.bfloat16,torch.bfloat16,False,False
240,6144,4096,False,torch.bfloat16,torch.bfloat16,False,False
240,6144,6144,False,torch.bfloat16,torch.bfloat16,False,False
240,12288,6144,False,torch.bfloat16,torch.bfloat16,False,False
256,1280,6144,False,torch.bfloat16,torch.bfloat16,False,False
256,1536,6144,False,torch.bfloat16,torch.bfloat16,False,False
256,3072,6144,False,torch.bfloat16,torch.bfloat16,False,False
256,4608,6144,False,torch.bfloat16,torch.bfloat16,False,False
256,4992,6144,False,torch.bfloat16,torch.bfloat16,False,False
256,6144,1024,False,torch.bfloat16,torch.bfloat16,False,False
256,6144,1536,False,torch.bfloat16,torch.bfloat16,False,False
256,6144,3072,False,torch.bfloat16,torch.bfloat16,False,False
256,6144,4096,False,torch.bfloat16,torch.bfloat16,False,False
256,6144,6144,False,torch.bfloat16,torch.bfloat16,False,False
256,12288,6144,False,torch.bfloat16,torch.bfloat16,False,False
352,768,24576,True,torch.bfloat16,torch.bfloat16,False,False
352,1536,24576,True,torch.bfloat16,torch.bfloat16,False,False
352,3072,24576,True,torch.bfloat16,torch.bfloat16,False,False
352,6144,768,False,torch.bfloat16,torch.bfloat16,False,False
352,6144,768,True,torch.bfloat16,torch.bfloat16,False,False
352,6144,1536,False,torch.bfloat16,torch.bfloat16,False,False
352,6144,1536,True,torch.bfloat16,torch.bfloat16,False,False
352,6144,3072,True,torch.bfloat16,torch.bfloat16,False,False
512,768,24576,True,torch.bfloat16,torch.bfloat16,False,False
512,1536,24576,True,torch.bfloat16,torch.bfloat16,False,False
512,3072,24576,True,torch.bfloat16,torch.bfloat16,False,False
512,4608,6144,False,torch.bfloat16,torch.bfloat16,False,False
512,4992,6144,False,torch.bfloat16,torch.bfloat16,False,False
512,6144,768,False,torch.bfloat16,torch.bfloat16,False,False
512,6144,768,True,torch.bfloat16,torch.bfloat16,False,False
512,6144,1536,False,torch.bfloat16,torch.bfloat16,False,False
512,6144,1536,True,torch.bfloat16,torch.bfloat16,False,False
512,6144,3072,True,torch.bfloat16,torch.bfloat16,False,False
512,6144,4096,False,torch.bfloat16,torch.bfloat16,False,False
512,12288,6144,False,torch.bfloat16,torch.bfloat16,False,False
544,768,24576,True,torch.bfloat16,torch.bfloat16,False,False
544,1536,24576,True,torch.bfloat16,torch.bfloat16,False,False
544,3072,24576,True,torch.bfloat16,torch.bfloat16,False,False
544,6144,768,False,torch.bfloat16,torch.bfloat16,False,False
544,6144,768,True,torch.bfloat16,torch.bfloat16,False,False
544,6144,1536,False,torch.bfloat16,torch.bfloat16,False,False
544,6144,1536,True,torch.bfloat16,torch.bfloat16,False,False
544,6144,3072,True,torch.bfloat16,torch.bfloat16,False,False
576,768,24576,True,torch.bfloat16,torch.bfloat16,False,False
576,1536,24576,True,torch.bfloat16,torch.bfloat16,False,False
576,3072,24576,True,torch.bfloat16,torch.bfloat16,False,False
576,6144,768,False,torch.bfloat16,torch.bfloat16,False,False
576,6144,768,True,torch.bfloat16,torch.bfloat16,False,False
576,6144,1536,False,torch.bfloat16,torch.bfloat16,False,False
576,6144,1536,True,torch.bfloat16,torch.bfloat16,False,False
576,6144,3072,True,torch.bfloat16,torch.bfloat16,False,False
608,1280,6144,False,torch.bfloat16,torch.bfloat16,False,False
608,1536,6144,False,torch.bfloat16,torch.bfloat16,False,False
608,3072,6144,False,torch.bfloat16,torch.bfloat16,False,False
608,6144,1024,False,torch.bfloat16,torch.bfloat16,False,False
608,6144,1536,False,torch.bfloat16,torch.bfloat16,False,False
864,1280,6144,False,torch.bfloat16,torch.bfloat16,False,False
864,1536,6144,False,torch.bfloat16,torch.bfloat16,False,False
864,3072,6144,False,torch.bfloat16,torch.bfloat16,False,False
864,4608,6144,False,torch.bfloat16,torch.bfloat16,False,False
864,4992,6144,False,torch.bfloat16,torch.bfloat16,False,False
864,6144,1024,False,torch.bfloat16,torch.bfloat16,False,False
864,6144,1536,False,torch.bfloat16,torch.bfloat16,False,False
864,6144,4096,False,torch.bfloat16,torch.bfloat16,False,False
864,12288,6144,False,torch.bfloat16,torch.bfloat16,False,False
1024,768,24576,True,torch.bfloat16,torch.bfloat16,False,False
1024,1280,6144,False,torch.bfloat16,torch.bfloat16,False,False
1024,1536,6144,False,torch.bfloat16,torch.bfloat16,False,False
1024,1536,24576,True,torch.bfloat16,torch.bfloat16,False,False
1024,3072,6144,False,torch.bfloat16,torch.bfloat16,False,False
1024,3072,24576,True,torch.bfloat16,torch.bfloat16,False,False
1024,4608,6144,False,torch.bfloat16,torch.bfloat16,False,False
1024,4992,6144,False,torch.bfloat16,torch.bfloat16,False,False
1024,6144,768,False,torch.bfloat16,torch.bfloat16,False,False
1024,6144,768,True,torch.bfloat16,torch.bfloat16,False,False
1024,6144,1024,False,torch.bfloat16,torch.bfloat16,False,False
1024,6144,1536,False,torch.bfloat16,torch.bfloat16,False,False
1024,6144,1536,True,torch.bfloat16,torch.bfloat16,False,False
1024,6144,3072,True,torch.bfloat16,torch.bfloat16,False,False
1024,6144,4096,False,torch.bfloat16,torch.bfloat16,False,False
1024,12288,6144,False,torch.bfloat16,torch.bfloat16,False,False
1344,480,1280,True,torch.bfloat16,torch.bfloat16,False,False
1344,640,1280,True,torch.bfloat16,torch.bfloat16,False,False
1344,768,1280,True,torch.bfloat16,torch.bfloat16,False,False
1344,960,1280,True,torch.bfloat16,torch.bfloat16,False,False
1344,1280,160,False,torch.bfloat16,torch.bfloat16,False,False
1344,1280,160,True,torch.bfloat16,torch.bfloat16,False,False
1344,1280,320,False,torch.bfloat16,torch.bfloat16,False,False
1344,1280,320,True,torch.bfloat16,torch.bfloat16,False,False
1344,1280,640,False,torch.bfloat16,torch.bfloat16,False,False
1344,1280,640,True,torch.bfloat16,torch.bfloat16,False,False
1344,1280,1280,False,torch.bfloat16,torch.bfloat16,False,False
1344,1280,1280,True,torch.bfloat16,torch.bfloat16,False,False
1344,1280,2560,False,torch.bfloat16,torch.bfloat16,False,False
1344,1280,2560,True,torch.bfloat16,torch.bfloat16,False,False
1344,1536,1280,True,torch.bfloat16,torch.bfloat16,False,False
1344,1920,1280,True,torch.bfloat16,torch.bfloat16,False,False
1344,2560,1280,True,torch.bfloat16,torch.bfloat16,False,False
1344,3072,1280,True,torch.bfloat16,torch.bfloat16,False,False
1344,6144,768,False,torch.bfloat16,torch.bfloat16,False,False
1344,6144,768,True,torch.bfloat16,torch.bfloat16,False,False
1344,6144,1536,False,torch.bfloat16,torch.bfloat16,False,False
1344,6144,1536,True,torch.bfloat16,torch.bfloat16,False,False
1344,6144,3072,True,torch.bfloat16,torch.bfloat16,False,False
1472,1280,6144,False,torch.bfloat16,torch.bfloat16,False,False
1472,1536,6144,False,torch.bfloat16,torch.bfloat16,False,False
1472,3072,6144,False,torch.bfloat16,torch.bfloat16,False,False
1472,6144,1024,False,torch.bfloat16,torch.bfloat16,False,False
1472,6144,1536,False,torch.bfloat16,torch.bfloat16,False,False
1536,1280,6144,False,torch.bfloat16,torch.bfloat16,False,False
1536,1536,6144,False,torch.bfloat16,torch.bfloat16,False,False
1536,3072,6144,False,torch.bfloat16,torch.bfloat16,False,False
1536,4608,6144,False,torch.bfloat16,torch.bfloat16,False,False
1536,4992,6144,False,torch.bfloat16,torch.bfloat16,False,False
1536,6144,1024,False,torch.bfloat16,torch.bfloat16,False,False
1536,6144,1536,False,torch.bfloat16,torch.bfloat16,False,False
1536,6144,4096,False,torch.bfloat16,torch.bfloat16,False,False
1536,12288,6144,False,torch.bfloat16,torch.bfloat16,False,False
1600,1280,6144,False,torch.bfloat16,torch.bfloat16,False,False
1600,1536,6144,False,torch.bfloat16,torch.bfloat16,False,False
1600,3072,6144,False,torch.bfloat16,torch.bfloat16,False,False
1600,6144,1024,False,torch.bfloat16,torch.bfloat16,False,False
1600,6144,1536,False,torch.bfloat16,torch.bfloat16,False,False
1664,1280,6144,False,torch.bfloat16,torch.bfloat16,False,False
1664,1536,6144,False,torch.bfloat16,torch.bfloat16,False,False
1664,3072,6144,False,torch.bfloat16,torch.bfloat16,False,False
1664,4608,6144,False,torch.bfloat16,torch.bfloat16,False,False
1664,4992,6144,False,torch.bfloat16,torch.bfloat16,False,False
1664,6144,1024,False,torch.bfloat16,torch.bfloat16,False,False
1664,6144,1536,False,torch.bfloat16,torch.bfloat16,False,False
1664,6144,4096,False,torch.bfloat16,torch.bfloat16,False,False
1664,12288,6144,False,torch.bfloat16,torch.bfloat16,False,False
1728,4608,6144,False,torch.bfloat16,torch.bfloat16,False,False
1728,4992,6144,False,torch.bfloat16,torch.bfloat16,False,False
1728,6144,4096,False,torch.bfloat16,torch.bfloat16,False,False
1728,12288,6144,False,torch.bfloat16,torch.bfloat16,False,False
2048,480,1280,True,torch.bfloat16,torch.bfloat16,False,False
2048,640,1280,True,torch.bfloat16,torch.bfloat16,False,False
2048,768,1280,True,torch.bfloat16,torch.bfloat16,False,False
2048,960,1280,True,torch.bfloat16,torch.bfloat16,False,False
2048,1280,160,False,torch.bfloat16,torch.bfloat16,False,False
2048,1280,160,True,torch.bfloat16,torch.bfloat16,False,False
2048,1280,320,False,torch.bfloat16,torch.bfloat16,False,False
2048,1280,320,True,torch.bfloat16,torch.bfloat16,False,False
2048,1280,640,False,torch.bfloat16,torch.bfloat16,False,False
2048,1280,640,True,torch.bfloat16,torch.bfloat16,False,False
2048,1280,1280,False,torch.bfloat16,torch.bfloat16,False,False
2048,1280,1280,True,torch.bfloat16,torch.bfloat16,False,False
2048,1280,2560,False,torch.bfloat16,torch.bfloat16,False,False
2048,1280,2560,True,torch.bfloat16,torch.bfloat16,False,False
2048,1280,6144,False,torch.bfloat16,torch.bfloat16,False,False
2048,1536,1280,True,torch.bfloat16,torch.bfloat16,False,False
2048,1536,6144,False,torch.bfloat16,torch.bfloat16,False,False
2048,1920,1280,True,torch.bfloat16,torch.bfloat16,False,False
2048,2560,1280,True,torch.bfloat16,torch.bfloat16,False,False
2048,3072,1280,True,torch.bfloat16,torch.bfloat16,False,False
2048,3072,6144,False,torch.bfloat16,torch.bfloat16,False,False
2048,4608,6144,False,torch.bfloat16,torch.bfloat16,False,False
2048,4992,6144,False,torch.bfloat16,torch.bfloat16,False,False
2048,6144,768,False,torch.bfloat16,torch.bfloat16,False,False
2048,6144,768,True,torch.bfloat16,torch.bfloat16,False,False
2048,6144,1024,False,torch.bfloat16,torch.bfloat16,False,False
2048,6144,1536,False,torch.bfloat16,torch.bfloat16,False,False
2048,6144,1536,True,torch.bfloat16,torch.bfloat16,False,False
2048,6144,3072,True,torch.bfloat16,torch.bfloat16,False,False
2048,6144,4096,False,torch.bfloat16,torch.bfloat16,False,False
2048,12288,6144,False,torch.bfloat16,torch.bfloat16,False,False
2112,1280,6144,False,torch.bfloat16,torch.bfloat16,False,False
2112,1536,6144,False,torch.bfloat16,torch.bfloat16,False,False
2112,3072,6144,False,torch.bfloat16,torch.bfloat16,False,False
2112,6144,1024,False,torch.bfloat16,torch.bfloat16,False,False
2112,6144,1536,False,torch.bfloat16,torch.bfloat16,False,False
2176,480,1280,True,torch.bfloat16,torch.bfloat16,False,False
2176,640,1280,True,torch.bfloat16,torch.bfloat16,False,False
2176,768,1280,True,torch.bfloat16,torch.bfloat16,False,False
2176,960,1280,True,torch.bfloat16,torch.bfloat16,False,False
2176,1280,160,False,torch.bfloat16,torch.bfloat16,False,False
2176,1280,160,True,torch.bfloat16,torch.bfloat16,False,False
2176,1280,320,False,torch.bfloat16,torch.bfloat16,False,False
2176,1280,320,True,torch.bfloat16,torch.bfloat16,False,False
2176,1280,640,False,torch.bfloat16,torch.bfloat16,False,False
2176,1280,640,True,torch.bfloat16,torch.bfloat16,False,False
2176,1280,1280,False,torch.bfloat16,torch.bfloat16,False,False
2176,1280,1280,True,torch.bfloat16,torch.bfloat16,False,False
2176,1280,2560,False,torch.bfloat16,torch.bfloat16,False,False
2176,1280,2560,True,torch.bfloat16,torch.bfloat16,False,False
2176,1536,1280,True,torch.bfloat16,torch.bfloat16,False,False
2176,1920,1280,True,torch.bfloat16,torch.bfloat16,False,False
2176,2560,1280,True,torch.bfloat16,torch.bfloat16,False,False
2176,3072,1280,True,torch.bfloat16,torch.bfloat16,False,False
2176,6144,768,False,torch.bfloat16,torch.bfloat16,False,False
2176,6144,768,True,torch.bfloat16,torch.bfloat16,False,False
2176,6144,1536,False,torch.bfloat16,torch.bfloat16,False,False
2176,6144,1536,True,torch.bfloat16,torch.bfloat16,False,False
2176,6144,3072,True,torch.bfloat16,torch.bfloat16,False,False
2304,480,1280,True,torch.bfloat16,torch.bfloat16,False,False
2304,640,1280,True,torch.bfloat16,torch.bfloat16,False,False
2304,768,1280,True,torch.bfloat16,torch.bfloat16,False,False
2304,960,1280,True,torch.bfloat16,torch.bfloat16,False,False
2304,1280,160,False,torch.bfloat16,torch.bfloat16,False,False
2304,1280,160,True,torch.bfloat16,torch.bfloat16,False,False
2304,1280,320,False,torch.bfloat16,torch.bfloat16,False,False
2304,1280,320,True,torch.bfloat16,torch.bfloat16,False,False
2304,1280,640,False,torch.bfloat16,torch.bfloat16,False,False
2304,1280,640,True,torch.bfloat16,torch.bfloat16,False,False
2304,1280,1280,False,torch.bfloat16,torch.bfloat16,False,False
2304,1280,1280,True,torch.bfloat16,torch.bfloat16,False,False
2304,1280,2560,False,torch.bfloat16,torch.bfloat16,False,False
2304,1280,2560,True,torch.bfloat16,torch.bfloat16,False,False
2304,1536,1280,True,torch.bfloat16,torch.bfloat16,False,False
2304,1920,1280,True,torch.bfloat16,torch.bfloat16,False,False
2304,2560,1280,True,torch.bfloat16,torch.bfloat16,False,False
2304,3072,1280,True,torch.bfloat16,torch.bfloat16,False,False
2304,6144,768,False,torch.bfloat16,torch.bfloat16,False,False
2304,6144,768,True,torch.bfloat16,torch.bfloat16,False,False
2304,6144,1536,False,torch.bfloat16,torch.bfloat16,False,False
2304,6144,1536,True,torch.bfloat16,torch.bfloat16,False,False
2304,6144,3072,True,torch.bfloat16,torch.bfloat16,False,False
2624,1280,6144,False,torch.bfloat16,torch.bfloat16,False,False
2624,1536,6144,False,torch.bfloat16,torch.bfloat16,False,False
2624,3072,6144,False,torch.bfloat16,torch.bfloat16,False,False
2624,4608,6144,False,torch.bfloat16,torch.bfloat16,False,False
2624,4992,6144,False,torch.bfloat16,torch.bfloat16,False,False
2624,6144,1024,False,torch.bfloat16,torch.bfloat16,False,False
2624,6144,1536,False,torch.bfloat16,torch.bfloat16,False,False
2624,6144,4096,False,torch.bfloat16,torch.bfloat16,False,False
2624,12288,6144,False,torch.bfloat16,torch.bfloat16,False,False
3584,1280,6144,False,torch.bfloat16,torch.bfloat16,False,False
3584,1536,6144,False,torch.bfloat16,torch.bfloat16,False,False
3584,3072,6144,False,torch.bfloat16,torch.bfloat16,False,False
3584,6144,1024,False,torch.bfloat16,torch.bfloat16,False,False
3584,6144,1536,False,torch.bfloat16,torch.bfloat16,False,False
3840,1280,6144,False,torch.bfloat16,torch.bfloat16,False,False
3840,1536,6144,False,torch.bfloat16,torch.bfloat16,False,False
3840,3072,6144,False,torch.bfloat16,torch.bfloat16,False,False
3840,6144,1024,False,torch.bfloat16,torch.bfloat16,False,False
3840,6144,1536,False,torch.bfloat16,torch.bfloat16,False,False
3968,1280,6144,False,torch.bfloat16,torch.bfloat16,False,False
3968,1536,6144,False,torch.bfloat16,torch.bfloat16,False,False
3968,3072,6144,False,torch.bfloat16,torch.bfloat16,False,False
3968,6144,1024,False,torch.bfloat16,torch.bfloat16,False,False
3968,6144,1536,False,torch.bfloat16,torch.bfloat16,False,False
4096,480,1280,True,torch.bfloat16,torch.bfloat16,False,False
4096,640,1280,True,torch.bfloat16,torch.bfloat16,False,False
4096,768,1280,True,torch.bfloat16,torch.bfloat16,False,False
4096,960,1280,True,torch.bfloat16,torch.bfloat16,False,False
4096,1280,160,False,torch.bfloat16,torch.bfloat16,False,False
4096,1280,160,True,torch.bfloat16,torch.bfloat16,False,False
4096,1280,320,False,torch.bfloat16,torch.bfloat16,False,False
4096,1280,320,True,torch.bfloat16,torch.bfloat16,False,False
4096,1280,640,False,torch.bfloat16,torch.bfloat16,False,False
4096,1280,640,True,torch.bfloat16,torch.bfloat16,False,False
4096,1280,1280,False,torch.bfloat16,torch.bfloat16,False,False
4096,1280,1280,True,torch.bfloat16,torch.bfloat16,False,False
4096,1280,2560,False,torch.bfloat16,torch.bfloat16,False,False
4096,1280,2560,True,torch.bfloat16,torch.bfloat16,False,False
4096,1280,6144,False,torch.bfloat16,torch.bfloat16,False,False
4096,1536,1280,True,torch.bfloat16,torch.bfloat16,False,False
4096,1536,6144,False,torch.bfloat16,torch.bfloat16,False,False
4096,1920,1280,True,torch.bfloat16,torch.bfloat16,False,False
4096,2560,1280,True,torch.bfloat16,torch.bfloat16,False,False
4096,3072,1280,True,torch.bfloat16,torch.bfloat16,False,False
4096,3072,6144,False,torch.bfloat16,torch.bfloat16,False,False
4096,4608,6144,False,torch.bfloat16,torch.bfloat16,False,False
4096,4992,6144,False,torch.bfloat16,torch.bfloat16,False,False
4096,6144,768,False,torch.bfloat16,torch.bfloat16,False,False
4096,6144,768,True,torch.bfloat16,torch.bfloat16,False,False
4096,6144,1024,False,torch.bfloat16,torch.bfloat16,False,False
4096,6144,1536,False,torch.bfloat16,torch.bfloat16,False,False
4096,6144,1536,True,torch.bfloat16,torch.bfloat16,False,False
4096,6144,3072,True,torch.bfloat16,torch.bfloat16,False,False
4096,6144,4096,False,torch.bfloat16,torch.bfloat16,False,False
4096,12288,6144,False,torch.bfloat16,torch.bfloat16,False,False
4480,1280,6144,False,torch.bfloat16,torch.bfloat16,False,False
4480,1536,6144,False,torch.bfloat16,torch.bfloat16,False,False
4480,3072,6144,False,torch.bfloat16,torch.bfloat16,False,False
4480,4608,6144,False,torch.bfloat16,torch.bfloat16,False,False
4480,4992,6144,False,torch.bfloat16,torch.bfloat16,False,False
4480,6144,1024,False,torch.bfloat16,torch.bfloat16,False,False
4480,6144,1536,False,torch.bfloat16,torch.bfloat16,False,False
4480,6144,4096,False,torch.bfloat16,torch.bfloat16,False,False
4480,12288,6144,False,torch.bfloat16,torch.bfloat16,False,False
4608,1280,6144,False,torch.bfloat16,torch.bfloat16,False,False
4608,1536,6144,False,torch.bfloat16,torch.bfloat16,False,False
4608,3072,6144,False,torch.bfloat16,torch.bfloat16,False,False
4608,4608,6144,False,torch.bfloat16,torch.bfloat16,False,False
4608,4992,6144,False,torch.bfloat16,torch.bfloat16,False,False
4608,6144,1024,False,torch.bfloat16,torch.bfloat16,False,False
4608,6144,1536,False,torch.bfloat16,torch.bfloat16,False,False
4608,6144,4096,False,torch.bfloat16,torch.bfloat16,False,False
4608,12288,6144,False,torch.bfloat16,torch.bfloat16,False,False
6144,1280,6144,False,torch.bfloat16,torch.bfloat16,False,False
6144,1536,6144,False,torch.bfloat16,torch.bfloat16,False,False
6144,3072,6144,False,torch.bfloat16,torch.bfloat16,False,False
6144,4608,6144,False,torch.bfloat16,torch.bfloat16,False,False
6144,4992,6144,False,torch.bfloat16,torch.bfloat16,False,False
6144,6144,1024,False,torch.bfloat16,torch.bfloat16,False,False
6144,6144,1536,False,torch.bfloat16,torch.bfloat16,False,False
6144,6144,4096,False,torch.bfloat16,torch.bfloat16,False,False
6144,12288,6144,False,torch.bfloat16,torch.bfloat16,False,False
6272,1280,6144,False,torch.bfloat16,torch.bfloat16,False,False
6272,1536,6144,False,torch.bfloat16,torch.bfloat16,False,False
6272,3072,6144,False,torch.bfloat16,torch.bfloat16,False,False
6272,6144,1024,False,torch.bfloat16,torch.bfloat16,False,False
6272,6144,1536,False,torch.bfloat16,torch.bfloat16,False,False
6400,4608,6144,False,torch.bfloat16,torch.bfloat16,False,False
6400,4992,6144,False,torch.bfloat16,torch.bfloat16,False,False
6400,6144,4096,False,torch.bfloat16,torch.bfloat16,False,False
6400,12288,6144,False,torch.bfloat16,torch.bfloat16,False,False
6528,1280,6144,False,torch.bfloat16,torch.bfloat16,False,False
6528,1536,6144,False,torch.bfloat16,torch.bfloat16,False,False
6528,3072,6144,False,torch.bfloat16,torch.bfloat16,False,False
6528,4608,6144,False,torch.bfloat16,torch.bfloat16,False,False
6528,4992,6144,False,torch.bfloat16,torch.bfloat16,False,False
6528,6144,1024,False,torch.bfloat16,torch.bfloat16,False,False
6528,6144,1536,False,torch.bfloat16,torch.bfloat16,False,False
6528,6144,4096,False,torch.bfloat16,torch.bfloat16,False,False
6528,12288,6144,False,torch.bfloat16,torch.bfloat16,False,False
6912,1280,6144,False,torch.bfloat16,torch.bfloat16,False,False
6912,1536,6144,False,torch.bfloat16,torch.bfloat16,False,False
6912,3072,6144,False,torch.bfloat16,torch.bfloat16,False,False
6912,6144,1024,False,torch.bfloat16,torch.bfloat16,False,False
6912,6144,1536,False,torch.bfloat16,torch.bfloat16,False,False
7552,1280,6144,False,torch.bfloat16,torch.bfloat16,False,False
7552,1536,6144,False,torch.bfloat16,torch.bfloat16,False,False
7552,3072,6144,False,torch.bfloat16,torch.bfloat16,False,False
7552,4608,6144,False,torch.bfloat16,torch.bfloat16,False,False
7552,4992,6144,False,torch.bfloat16,torch.bfloat16,False,False
7552,6144,1024,False,torch.bfloat16,torch.bfloat16,False,False
7552,6144,1536,False,torch.bfloat16,torch.bfloat16,False,False
7552,6144,4096,False,torch.bfloat16,torch.bfloat16,False,False
7552,12288,6144,False,torch.bfloat16,torch.bfloat16,False,False
7680,1280,6144,False,torch.bfloat16,torch.bfloat16,False,False
7680,1536,6144,False,torch.bfloat16,torch.bfloat16,False,False
7680,3072,6144,False,torch.bfloat16,torch.bfloat16,False,False
7680,6144,1024,False,torch.bfloat16,torch.bfloat16,False,False
7680,6144,1536,False,torch.bfloat16,torch.bfloat16,False,False
7936,1280,6144,False,torch.bfloat16,torch.bfloat16,False,False
7936,1536,6144,False,torch.bfloat16,torch.bfloat16,False,False
7936,3072,6144,False,torch.bfloat16,torch.bfloat16,False,False
7936,6144,1024,False,torch.bfloat16,torch.bfloat16,False,False
7936,6144,1536,False,torch.bfloat16,torch.bfloat16,False,False
8064,4608,6144,False,torch.bfloat16,torch.bfloat16,False,False
8064,4992,6144,False,torch.bfloat16,torch.bfloat16,False,False
8064,6144,4096,False,torch.bfloat16,torch.bfloat16,False,False
8064,12288,6144,False,torch.bfloat16,torch.bfloat16,False,False
8192,1280,6144,False,torch.bfloat16,torch.bfloat16,False,False
8192,1536,6144,False,torch.bfloat16,torch.bfloat16,False,False
8192,3072,6144,False,torch.bfloat16,torch.bfloat16,False,False
8192,4608,6144,False,torch.bfloat16,torch.bfloat16,False,False
8192,4992,6144,False,torch.bfloat16,torch.bfloat16,False,False
8192,6144,1024,False,torch.bfloat16,torch.bfloat16,False,False
8192,6144,1536,False,torch.bfloat16,torch.bfloat16,False,False
8192,6144,4096,False,torch.bfloat16,torch.bfloat16,False,False
8192,12288,6144,False,torch.bfloat16,torch.bfloat16,False,False
8448,1280,6144,False,torch.bfloat16,torch.bfloat16,False,False
8448,1536,6144,False,torch.bfloat16,torch.bfloat16,False,False
8448,3072,6144,False,torch.bfloat16,torch.bfloat16,False,False
8448,4608,6144,False,torch.bfloat16,torch.bfloat16,False,False
8448,4992,6144,False,torch.bfloat16,torch.bfloat16,False,False
8448,6144,1024,False,torch.bfloat16,torch.bfloat16,False,False
8448,6144,1536,False,torch.bfloat16,torch.bfloat16,False,False
8448,6144,4096,False,torch.bfloat16,torch.bfloat16,False,False
8448,12288,6144,False,torch.bfloat16,torch.bfloat16,False,False
9088,4608,6144,False,torch.bfloat16,torch.bfloat16,False,False
9088,4992,6144,False,torch.bfloat16,torch.bfloat16,False,False
9088,6144,4096,False,torch.bfloat16,torch.bfloat16,False,False
9088,12288,6144,False,torch.bfloat16,torch.bfloat16,False,False
9216,4608,6144,False,torch.bfloat16,torch.bfloat16,False,False
9216,4992,6144,False,torch.bfloat16,torch.bfloat16,False,False
9216,6144,4096,False,torch.bfloat16,torch.bfloat16,False,False
9216,12288,6144,False,torch.bfloat16,torch.bfloat16,False,False
9600,4608,6144,False,torch.bfloat16,torch.bfloat16,False,False
9600,4992,6144,False,torch.bfloat16,torch.bfloat16,False,False
9600,6144,4096,False,torch.bfloat16,torch.bfloat16,False,False
9600,12288,6144,False,torch.bfloat16,torch.bfloat16,False,False
11264,1280,6144,False,torch.bfloat16,torch.bfloat16,False,False
11264,1536,6144,False,torch.bfloat16,torch.bfloat16,False,False
11264,3072,6144,False,torch.bfloat16,torch.bfloat16,False,False
11264,4608,6144,False,torch.bfloat16,torch.bfloat16,False,False
11264,4992,6144,False,torch.bfloat16,torch.bfloat16,False,False
11264,6144,1024,False,torch.bfloat16,torch.bfloat16,False,False
11264,6144,1536,False,torch.bfloat16,torch.bfloat16,False,False
11264,6144,4096,False,torch.bfloat16,torch.bfloat16,False,False
11264,12288,6144,False,torch.bfloat16,torch.bfloat16,False,False
12288,1280,6144,False,torch.bfloat16,torch.bfloat16,False,False
12288,1536,6144,False,torch.bfloat16,torch.bfloat16,False,False
12288,3072,6144,False,torch.bfloat16,torch.bfloat16,False,False
12288,6144,1024,False,torch.bfloat16,torch.bfloat16,False,False
12288,6144,1536,False,torch.bfloat16,torch.bfloat16,False,False
12416,1280,6144,False,torch.bfloat16,torch.bfloat16,False,False
12416,1536,6144,False,torch.bfloat16,torch.bfloat16,False,False
12416,3072,6144,False,torch.bfloat16,torch.bfloat16,False,False
12416,4608,6144,False,torch.bfloat16,torch.bfloat16,False,False
12416,4992,6144,False,torch.bfloat16,torch.bfloat16,False,False
12416,6144,1024,False,torch.bfloat16,torch.bfloat16,False,False
12416,6144,1536,False,torch.bfloat16,torch.bfloat16,False,False
12416,6144,4096,False,torch.bfloat16,torch.bfloat16,False,False
12416,12288,6144,False,torch.bfloat16,torch.bfloat16,False,False
12672,1280,6144,False,torch.bfloat16,torch.bfloat16,False,False
12672,1536,6144,False,torch.bfloat16,torch.bfloat16,False,False
12672,3072,6144,False,torch.bfloat16,torch.bfloat16,False,False
12672,4608,6144,False,torch.bfloat16,torch.bfloat16,False,False
12672,4992,6144,False,torch.bfloat16,torch.bfloat16,False,False
12672,6144,1024,False,torch.bfloat16,torch.bfloat16,False,False
12672,6144,1536,False,torch.bfloat16,torch.bfloat16,False,False
12672,6144,4096,False,torch.bfloat16,torch.bfloat16,False,False
12672,12288,6144,False,torch.bfloat16,torch.bfloat16,False,False
12800,1280,6144,False,torch.bfloat16,torch.bfloat16,False,False
12800,1536,6144,False,torch.bfloat16,torch.bfloat16,False,False
12800,3072,6144,False,torch.bfloat16,torch.bfloat16,False,False
12800,6144,1024,False,torch.bfloat16,torch.bfloat16,False,False
12800,6144,1536,False,torch.bfloat16,torch.bfloat16,False,False
13952,1280,6144,False,torch.bfloat16,torch.bfloat16,False,False
13952,1536,6144,False,torch.bfloat16,torch.bfloat16,False,False
13952,3072,6144,False,torch.bfloat16,torch.bfloat16,False,False
13952,6144,1024,False,torch.bfloat16,torch.bfloat16,False,False
13952,6144,1536,False,torch.bfloat16,torch.bfloat16,False,False
14080,1280,6144,False,torch.bfloat16,torch.bfloat16,False,False
14080,1536,6144,False,torch.bfloat16,torch.bfloat16,False,False
14080,3072,6144,False,torch.bfloat16,torch.bfloat16,False,False
14080,6144,1024,False,torch.bfloat16,torch.bfloat16,False,False
14080,6144,1536,False,torch.bfloat16,torch.bfloat16,False,False
15488,1280,6144,False,torch.bfloat16,torch.bfloat16,False,False
15488,1536,6144,False,torch.bfloat16,torch.bfloat16,False,False
15488,3072,6144,False,torch.bfloat16,torch.bfloat16,False,False
15488,6144,1024,False,torch.bfloat16,torch.bfloat16,False,False
15488,6144,1536,False,torch.bfloat16,torch.bfloat16,False,False
15744,1280,6144,False,torch.bfloat16,torch.bfloat16,False,False
15744,1536,6144,False,torch.bfloat16,torch.bfloat16,False,False
15744,3072,6144,False,torch.bfloat16,torch.bfloat16,False,False
15744,4608,6144,False,torch.bfloat16,torch.bfloat16,False,False
15744,4992,6144,False,torch.bfloat16,torch.bfloat16,False,False
15744,6144,1024,False,torch.bfloat16,torch.bfloat16,False,False
15744,6144,1536,False,torch.bfloat16,torch.bfloat16,False,False
15744,6144,4096,False,torch.bfloat16,torch.bfloat16,False,False
15744,12288,6144,False,torch.bfloat16,torch.bfloat16,False,False
16256,4608,6144,False,torch.bfloat16,torch.bfloat16,False,False
16256,4992,6144,False,torch.bfloat16,torch.bfloat16,False,False
16256,6144,4096,False,torch.bfloat16,torch.bfloat16,False,False
16256,12288,6144,False,torch.bfloat16,torch.bfloat16,False,False
16384,1280,6144,False,torch.bfloat16,torch.bfloat16,False,False
16384,1536,6144,False,torch.bfloat16,torch.bfloat16,False,False
16384,3072,6144,False,torch.bfloat16,torch.bfloat16,False,False
16384,4608,6144,False,torch.bfloat16,torch.bfloat16,False,False
16384,4992,6144,False,torch.bfloat16,torch.bfloat16,False,False
16384,6144,1024,False,torch.bfloat16,torch.bfloat16,False,False
16384,6144,1536,False,torch.bfloat16,torch.bfloat16,False,False
16384,6144,4096,False,torch.bfloat16,torch.bfloat16,False,False
16384,12288,6144,False,torch.bfloat16,torch.bfloat16,False,False
16512,1280,6144,False,torch.bfloat16,torch.bfloat16,False,False
16512,1536,6144,False,torch.bfloat16,torch.bfloat16,False,False
16512,3072,6144,False,torch.bfloat16,torch.bfloat16,False,False
16512,6144,1024,False,torch.bfloat16,torch.bfloat16,False,False
16512,6144,1536,False,torch.bfloat16,torch.bfloat16,False,False
16640,1280,6144,False,torch.bfloat16,torch.bfloat16,False,False
16640,1536,6144,False,torch.bfloat16,torch.bfloat16,False,False
16640,3072,6144,False,torch.bfloat16,torch.bfloat16,False,False
16640,4608,6144,False,torch.bfloat16,torch.bfloat16,False,False
16640,4992,6144,False,torch.bfloat16,torch.bfloat16,False,False
16640,6144,1024,False,torch.bfloat16,torch.bfloat16,False,False
16640,6144,1536,False,torch.bfloat16,torch.bfloat16,False,False
16640,6144,4096,False,torch.bfloat16,torch.bfloat16,False,False
16640,12288,6144,False,torch.bfloat16,torch.bfloat16,False,False
16768,1280,6144,False,torch.bfloat16,torch.bfloat16,False,False
16768,1536,6144,False,torch.bfloat16,torch.bfloat16,False,False
16768,3072,6144,False,torch.bfloat16,torch.bfloat16,False,False
16768,4608,6144,False,torch.bfloat16,torch.bfloat16,False,False
16768,4992,6144,False,torch.bfloat16,torch.bfloat16,False,False
16768,6144,1024,False,torch.bfloat16,torch.bfloat16,False,False
16768,6144,1536,False,torch.bfloat16,torch.bfloat16,False,False
16768,6144,4096,False,torch.bfloat16,torch.bfloat16,False,False
16768,12288,6144,False,torch.bfloat16,torch.bfloat16,False,False
16896,1280,6144,False,torch.bfloat16,torch.bfloat16,False,False
16896,1536,6144,False,torch.bfloat16,torch.bfloat16,False,False
16896,3072,6144,False,torch.bfloat16,torch.bfloat16,False,False
16896,4608,6144,False,torch.bfloat16,torch.bfloat16,False,False
16896,4992,6144,False,torch.bfloat16,torch.bfloat16,False,False
16896,6144,1024,False,torch.bfloat16,torch.bfloat16,False,False
16896,6144,1536,False,torch.bfloat16,torch.bfloat16,False,False
16896,6144,4096,False,torch.bfloat16,torch.bfloat16,False,False
16896,12288,6144,False,torch.bfloat16,torch.bfloat16,False,False
17024,1280,6144,False,torch.bfloat16,torch.bfloat16,False,False
17024,1536,6144,False,torch.bfloat16,torch.bfloat16,False,False
17024,3072,6144,False,torch.bfloat16,torch.bfloat16,False,False
17024,4608,6144,False,torch.bfloat16,torch.bfloat16,False,False
17024,4992,6144,False,torch.bfloat16,torch.bfloat16,False,False
17024,6144,1024,False,torch.bfloat16,torch.bfloat16,False,False
17024,6144,1536,False,torch.bfloat16,torch.bfloat16,False,False
17024,6144,4096,False,torch.bfloat16,torch.bfloat16,False,False
17024,12288,6144,False,torch.bfloat16,torch.bfloat16,False,False
17152,1280,6144,False,torch.bfloat16,torch.bfloat16,False,False
17152,1536,6144,False,torch.bfloat16,torch.bfloat16,False,False
17152,3072,6144,False,torch.bfloat16,torch.bfloat16,False,False
17152,4608,6144,False,torch.bfloat16,torch.bfloat16,False,False
17152,4992,6144,False,torch.bfloat16,torch.bfloat16,False,False
17152,6144,1024,False,torch.bfloat16,torch.bfloat16,False,False
17152,6144,1536,False,torch.bfloat16,torch.bfloat16,False,False
17152,6144,4096,False,torch.bfloat16,torch.bfloat16,False,False
17152,12288,6144,False,torch.bfloat16,torch.bfloat16,False,False
17280,4608,6144,False,torch.bfloat16,torch.bfloat16,False,False
17280,4992,6144,False,torch.bfloat16,torch.bfloat16,False,False
17280,6144,4096,False,torch.bfloat16,torch.bfloat16,False,False
17280,12288,6144,False,torch.bfloat16,torch.bfloat16,False,False
17408,1280,6144,False,torch.bfloat16,torch.bfloat16,False,False
17408,1536,6144,False,torch.bfloat16,torch.bfloat16,False,False
17408,3072,6144,False,torch.bfloat16,torch.bfloat16,False,False
17408,6144,1024,False,torch.bfloat16,torch.bfloat16,False,False
17408,6144,1536,False,torch.bfloat16,torch.bfloat16,False,False
23680,4608,6144,False,torch.bfloat16,torch.bfloat16,False,False
23680,4992,6144,False,torch.bfloat16,torch.bfloat16,False,False
23680,6144,4096,False,torch.bfloat16,torch.bfloat16,False,False
23680,12288,6144,False,torch.bfloat16,torch.bfloat16,False,False
23808,1280,6144,False,torch.bfloat16,torch.bfloat16,False,False
23808,1536,6144,False,torch.bfloat16,torch.bfloat16,False,False
23808,3072,6144,False,torch.bfloat16,torch.bfloat16,False,False
23808,6144,1024,False,torch.bfloat16,torch.bfloat16,False,False
23808,6144,1536,False,torch.bfloat16,torch.bfloat16,False,False
23936,4608,6144,False,torch.bfloat16,torch.bfloat16,False,False
23936,4992,6144,False,torch.bfloat16,torch.bfloat16,False,False
23936,6144,4096,False,torch.bfloat16,torch.bfloat16,False,False
23936,12288,6144,False,torch.bfloat16,torch.bfloat16,False,False
24064,1280,6144,False,torch.bfloat16,torch.bfloat16,False,False
24064,1536,6144,False,torch.bfloat16,torch.bfloat16,False,False
24064,3072,6144,False,torch.bfloat16,torch.bfloat16,False,False
24064,6144,1024,False,torch.bfloat16,torch.bfloat16,False,False
24064,6144,1536,False,torch.bfloat16,torch.bfloat16,False,False
24832,1280,6144,False,torch.bfloat16,torch.bfloat16,False,False
24832,1536,6144,False,torch.bfloat16,torch.bfloat16,False,False
24832,3072,6144,False,torch.bfloat16,torch.bfloat16,False,False
24832,6144,1024,False,torch.bfloat16,torch.bfloat16,False,False
24832,6144,1536,False,torch.bfloat16,torch.bfloat16,False,False
32768,1280,6144,False,torch.bfloat16,torch.bfloat16,False,False
32768,1536,6144,False,torch.bfloat16,torch.bfloat16,False,False
32768,3072,6144,False,torch.bfloat16,torch.bfloat16,False,False
