cu_num,token,model_dim,inter_dim,expert,topk,act_type,dtype,q_dtype_a,q_dtype_w,q_type,use_g1u1,doweight_stage1,block_m,ksplit,us1,kernelName1,err1,us2,kernelName2,err2,us,run_1stage,tflops,bw,_tag,gfx,xbf16,flat
256,1,6144,1536,128,4,ActivationType.Swiglu,torch.bfloat16,torch.bfloat16,torch.float4_e2m1fn_x2,QuantType.per_1x32,1,0,32,0,28.4116,flydsl_moe1_abf16_wfp4_bf16_t32x64x256_w4_bnt0_kw4,0.0%,11.9112,flydsl_moe2_abf16_wfp4_bf16_t32x128x256_reduce_bnt2_xcd4_persist,3.8%,40.3228,0,5.62,89872.31,,gfx950,0,0
256,256,6144,1536,128,4,ActivationType.Swiglu,torch.bfloat16,torch.float4_e2m1fn_x2,torch.float4_e2m1fn_x2,QuantType.per_1x32,1,0,32,0,193.7354,flydsl_moe1_afp4_wfp4_bf16_t32x64x256_w2_kw2_fp4,1.0%,107.6065,flydsl_moe2_layout_afp4_wfp4_bf16_t32x128x256_atomic_persist_nt_sbm32,1.2%,301.3419,0,192.41,12041.46,,gfx950,0,0
256,512,6144,1536,128,4,ActivationType.Swiglu,torch.bfloat16,torch.float4_e2m1fn_x2,torch.float4_e2m1fn_x2,QuantType.per_1x32,1,0,32,0,198.8241,flydsl_moe1_afp4_wfp4_bf16_t32x128x256_w4_fp4,1.0%,114.528,flydsl_moe2_layout_afp4_wfp4_bf16_t32x128x256_reduce_nt_sbm32,1.2%,313.3521,0,370.08,11594.99,,gfx950,0,0
256,1024,6144,1536,128,4,ActivationType.Swiglu,torch.bfloat16,torch.float4_e2m1fn_x2,torch.float4_e2m1fn_x2,QuantType.per_1x32,1,0,32,0,199.1922,flydsl_moe1_afp4_wfp4_bf16_t32x128x256_w2_fp4,1.0%,113.3464,flydsl_moe2_layout_afp4_wfp4_bf16_t32x128x256_atomic_nt_sbm32,1.2%,312.5386,0,742.08,11655.37,,gfx950,0,0
256,2048,6144,1536,128,4,ActivationType.Swiglu,torch.bfloat16,torch.float4_e2m1fn_x2,torch.float4_e2m1fn_x2,QuantType.per_1x32,1,0,64,0,205.9865,flydsl_moe1_afp4_wfp4_bf16_t64x128x256_w2_fp4,1.0%,137.3904,flydsl_moe2_layout_afp4_wfp4_bf16_t64x128x256_atomic_persist_nt_sbm64,1.2%,343.3769,0,1350.87,10663.58,,gfx950,0,0
256,4096,6144,1536,128,4,ActivationType.Swiglu,torch.bfloat16,torch.float4_e2m1fn_x2,torch.float4_e2m1fn_x2,QuantType.per_1x32,1,0,128,0,267.9465,flydsl_moe1_afp4_wfp4_bf16_t128x128x256_w2_fp4,1.0%,214.9855,flydsl_moe2_layout_afp4_wfp4_bf16_t64x128x256_atomic_persist_sbm128,1.2%,482.932,0,1921.0,7660.24,,gfx950,0,0
256,8192,6144,1536,128,4,ActivationType.Swiglu,torch.bfloat16,torch.float4_e2m1fn_x2,torch.float4_e2m1fn_x2,QuantType.per_1x32,1,0,64,0,472.4621,flydsl_moe1_afp4_wfp4_bf16_t64x128x256_w3_bnt0_fp4,1.0%,372.5809,flydsl_moe2_layout_afp4_wfp4_bf16_t64x128x256_atomic_persist_sbm64,1.2%,845.043,0,2195.66,4467.08,,gfx950,0,0
256,16384,6144,1536,128,4,ActivationType.Swiglu,torch.bfloat16,torch.float4_e2m1fn_x2,torch.float4_e2m1fn_x2,QuantType.per_1x32,1,0,128,0,780.3612,flydsl_moe1_afp4_wfp4_bf16_t128x128x256_bnt0_fp4,1.0%,750.5612,flydsl_moe2_layout_afp4_wfp4_bf16_t64x128x256_atomic_sbm128,1.2%,1530.9224,0,2423.93,2564.38,,gfx950,0,0
256,32768,6144,1536,128,4,ActivationType.Swiglu,torch.bfloat16,torch.float4_e2m1fn_x2,torch.float4_e2m1fn_x2,QuantType.per_1x32,1,0,128,0,1471.0469,flydsl_moe1_afp4_wfp4_bf16_t128x128x256_w2_bnt0_fp4,1.0%,1449.8896,flydsl_moe2_layout_afp4_wfp4_bf16_t64x128x256_atomic_sbm128,1.2%,2920.9365,0,2540.86,1447.43,,gfx950,0,0
256,1,6144,768,128,4,ActivationType.Swiglu,torch.bfloat16,torch.bfloat16,torch.float4_e2m1fn_x2,QuantType.per_1x32,1,0,32,0,28.3593,flydsl_moe1_abf16_wfp4_bf16_t32x64x256_w3_kw4,0.0%,9.656,flydsl_moe2_abf16_wfp4_bf16_t32x128x256_reduce_persist,2.7%,38.0153,0,2.98,47664.07,,gfx950,0,0
256,256,6144,768,128,4,ActivationType.Swiglu,torch.bfloat16,torch.float4_e2m1fn_x2,torch.float4_e2m1fn_x2,QuantType.per_1x32,1,0,32,0,98.8749,flydsl_moe1_afp4_wfp4_bf16_t32x128x256_w2_fp4,1.0%,60.4558,flydsl_moe2_layout_afp4_wfp4_bf16_t32x256x128_atomic_persist_nt_sbm32,1.2%,159.3307,0,181.96,11401.81,,gfx950,0,0
256,512,6144,768,128,4,ActivationType.Swiglu,torch.bfloat16,torch.float4_e2m1fn_x2,torch.float4_e2m1fn_x2,QuantType.per_1x32,1,0,32,0,99.7812,flydsl_moe1_afp4_wfp4_bf16_t32x128x256_w2_fp4,1.0%,61.3269,flydsl_moe2_layout_afp4_wfp4_bf16_t32x128x256_atomic_nt_sbm32,1.2%,161.1081,0,359.9,11305.31,,gfx950,0,0
256,1024,6144,768,128,4,ActivationType.Swiglu,torch.bfloat16,torch.float4_e2m1fn_x2,torch.float4_e2m1fn_x2,QuantType.per_1x32,1,0,32,0,101.7985,flydsl_moe1_afp4_wfp4_bf16_t32x128x256_w2_fp4,1.0%,69.5988,flydsl_moe2_layout_afp4_wfp4_bf16_t32x128x256_atomic_nt_sbm32,1.2%,171.3973,0,676.58,10681.7,,gfx950,0,0
256,2048,6144,768,128,4,ActivationType.Swiglu,torch.bfloat16,torch.float4_e2m1fn_x2,torch.float4_e2m1fn_x2,QuantType.per_1x32,1,0,64,0,108.3061,flydsl_moe1_afp4_wfp4_bf16_t64x128x256_w4_fp4,1.0%,98.9292,flydsl_moe2_layout_afp4_wfp4_bf16_t64x128x256_atomic_nt_sbm64,1.2%,207.2353,0,1119.15,8925.55,,gfx950,0,0
256,4096,6144,768,128,4,ActivationType.Swiglu,torch.bfloat16,torch.float4_e2m1fn_x2,torch.float4_e2m1fn_x2,QuantType.per_1x32,1,0,128,0,140.1374,flydsl_moe1_afp4_wfp4_bf16_t128x128x256_fp4,1.0%,164.6268,flydsl_moe2_layout_afp4_wfp4_bf16_t128x128x256_reduce_persist_sbm128,1.2%,304.7642,0,1522.02,6193.11,,gfx950,0,0
256,8192,6144,768,128,4,ActivationType.Swiglu,torch.bfloat16,torch.float4_e2m1fn_x2,torch.float4_e2m1fn_x2,QuantType.per_1x32,1,0,128,0,258.3513,flydsl_moe1_afp4_wfp4_bf16_t128x128x256_w4_bnt0_fp4,1.0%,289.2527,flydsl_moe2_layout_afp4_wfp4_bf16_t64x128x256_reduce_persist_sbm128,1.2%,547.604,0,1694.13,3584.59,,gfx950,0,0
256,16384,6144,768,128,4,ActivationType.Swiglu,torch.bfloat16,torch.float4_e2m1fn_x2,torch.float4_e2m1fn_x2,QuantType.per_1x32,1,0,64,0,430.7894,flydsl_moe1_afp4_wfp4_bf16_t64x128x256_w2_bnt0_xcd4_fp4,1.0%,575.5326,flydsl_moe2_layout_afp4_wfp4_bf16_t64x128x256_reduce_sbm64,1.2%,1006.322,0,1843.77,2100.65,,gfx950,0,0
256,32768,6144,768,128,4,ActivationType.Swiglu,torch.bfloat16,torch.float4_e2m1fn_x2,torch.float4_e2m1fn_x2,QuantType.per_1x32,1,0,64,0,752.0583,flydsl_moe1_afp4_wfp4_bf16_t64x128x256_w4_bnt0_xcd4_fp4,1.0%,1095.6297,flydsl_moe2_layout_afp4_wfp4_bf16_t64x256x256_reduce_sbm64,1.2%,1847.688,0,2008.38,1307.54,,gfx950,0,0
256,1,6144,384,128,4,ActivationType.Swiglu,torch.bfloat16,torch.bfloat16,torch.float4_e2m1fn_x2,QuantType.per_1x32,1,0,32,0,28.0698,flydsl_moe1_abf16_wfp4_bf16_t32x64x256_w4_xcd4_kw4,0.0%,8.2168,flydsl_moe2_abf16_wfp4_bf16_t32x128x128_reduce_bnt2_persist,1.8%,36.2866,0,1.56,24967.74,,gfx950,0,0
256,256,6144,384,128,4,ActivationType.Swiglu,torch.bfloat16,torch.float4_e2m1fn_x2,torch.float4_e2m1fn_x2,QuantType.per_1x32,1,0,32,0,53.3005,flydsl_moe1_afp4_wfp4_bf16_t32x64x256_w4_kw2_fp4,1.0%,35.7946,flydsl_moe2_layout_afp4_wfp4_bf16_t32x256x128_atomic_persist_nt_sbm32,1.2%,89.0951,0,162.7,10221.53,,gfx950,0,0
256,512,6144,384,128,4,ActivationType.Swiglu,torch.bfloat16,torch.float4_e2m1fn_x2,torch.float4_e2m1fn_x2,QuantType.per_1x32,1,0,32,0,54.5754,flydsl_moe1_afp4_wfp4_bf16_t32x64x256_w3_kw2_fp4,0.2%,40.5683,flydsl_moe2_afp4_wfp4_bf16_t32x128x256_atomic,2.8%,95.1437,0,304.71,9621.31,,gfx950,0,0
256,1024,6144,384,128,4,ActivationType.Swiglu,torch.bfloat16,torch.float4_e2m1fn_x2,torch.float4_e2m1fn_x2,QuantType.per_1x32,1,0,64,0,60.2556,flydsl_moe1_afp4_wfp4_bf16_t64x64x256_w4_fp4,0.2%,54.5612,flydsl_moe2_afp4_wfp4_bf16_t64x128x256_reduce_bnt2,1.4%,114.8168,0,505.0,8054.95,,gfx950,0,0
256,2048,6144,384,128,4,ActivationType.Swiglu,torch.bfloat16,torch.float4_e2m1fn_x2,torch.float4_e2m1fn_x2,QuantType.per_1x32,1,0,64,0,77.4748,flydsl_moe1_afp4_wfp4_bf16_t64x128x256_w4_bnt0_xcd4_fp4,0.2%,80.6478,flydsl_moe2_afp4_wfp4_bf16_t64x256x256_reduce_bnt2,1.4%,158.1226,0,733.38,5968.27,,gfx950,0,0
256,4096,6144,384,128,4,ActivationType.Swiglu,torch.bfloat16,torch.float4_e2m1fn_x2,torch.float4_e2m1fn_x2,QuantType.per_1x32,1,0,64,0,104.4469,flydsl_moe1_afp4_wfp4_bf16_t64x128x256_w4_bnt0_xcd4_fp4,0.2%,133.7735,flydsl_moe2_afp4_wfp4_bf16_t64x256x128_reduce,1.4%,238.2204,0,973.59,4120.0,,gfx950,0,0
256,8192,6144,384,128,4,ActivationType.Swiglu,torch.bfloat16,torch.float4_e2m1fn_x2,torch.float4_e2m1fn_x2,QuantType.per_1x32,1,0,64,0,145.7426,flydsl_moe1_afp4_wfp4_bf16_t64x128x256_w4_bnt0_xcd4_fp4,0.1%,241.9607,flydsl_moe2_afp4_wfp4_bf16_t64x256x256_reduce,1.4%,387.7033,0,1196.42,2726.22,,gfx950,0,0
256,16384,6144,384,128,4,ActivationType.Swiglu,torch.bfloat16,torch.float4_e2m1fn_x2,torch.float4_e2m1fn_x2,QuantType.per_1x32,1,0,64,0,235.4926,flydsl_moe1_afp4_wfp4_bf16_t64x128x256_w2_bnt0_xcd4_fp4,0.1%,455.4611,flydsl_moe2_afp4_wfp4_bf16_t64x256x128_reduce_bnt2_persist,1.4%,690.9537,0,1342.66,1748.25,,gfx950,0,0
256,32768,6144,384,128,4,ActivationType.Swiglu,torch.bfloat16,torch.float4_e2m1fn_x2,torch.float4_e2m1fn_x2,QuantType.per_1x32,1,0,64,0,404.6079,flydsl_moe1_afp4_wfp4_bf16_t64x128x256_w2_bnt0_xcd4_fp4,0.1%,876.4162,flydsl_moe2_afp4_wfp4_bf16_t64x256x128_reduce,1.4%,1281.0241,0,1448.39,1178.7,,gfx950,0,0
